primaryTitle,startYear,runtimeMinutes
The Witches,2020,106
Lost Girls and Love Hotels,2020,97
Fantasy Island,2020,109
The Rental,2020,88
Hunted,2020,87
Love Aaj Kal,2020,142
Guest House,2020,84
Unhinged,2020,90
Guilty,2020,119
Antebellum,2020,105
Made in Abyss: Dawn of the Deep Soul,2020,113
Breaking Surface,2020,82
Earth and Blood,2020,80
Apples,2020,91
Tribal Get Out Alive,2020,86
Scare Me,2020,104
Rogue City,2020,116
Valley of the Dead,2020,101
Zenek,2020,115
Behind the Line: Escape to Dunkirk,2020,87
The Quarry,2020,98
The Prom,2020,130
Dangerous Lies,2020,96
Forensic,2020,134
Soorarai Pottru,2020,153
Alone,2020,92
Bye Bye Morons,2020,87
The Boys in the Band,2020,121
Pareeksha,2020,120
As I Am,2020,62
The Dark and the Wicked,2020,95
Ghost Stories,2020,144
Serious Men,2020,114
Class of '83,2020,98
Mrs. Serial Killer,2020,106
"Love, Weddings & Other Disasters",2020,96
I'm Your Woman,2020,120
Boys from County Hell,2020,88
Light from the Tower,2020,77
The Father,2020,97
Girl Lost: A Hollywood Story,2020,90
Work It,2020,93
French Exit,2020,113
Coolie No. 1,2020,134
Feral State,2020,84
Rose Island,2020,117
Another Round,2020,117
Survive the Night,2020,90
Sightless,2020,89
The Decline,2020,83
Force of Nature,2020,91
12 Hour Shift,2020,86
Shubh Mangal Zyada Saavdhan,2020,117
Fatman,2020,100
Becky,2020,93
Budapest Heist,2020,104
Secret Society of Second Born Royals,2020,99
Your Name Engraved Herein,2020,118
Ricos de Amor,2020,104
Gulabo Sitabo,2020,124
Blithe Spirit,2020,99
Four Good Days,2020,100
How I Became a Super Hero,2020,97
Gunjan Saxena: The Kargil Girl,2020,112
Laxmii,2020,141
Nightlife,2020,111
The Dinner Party,2020,116
The Man Who Sold His Skin,2020,104
After We Collided,2020,105
The Windermere Children,2020,88
Mandibles,2020,77
I Am Greta,2020,97
The Stronghold,2020,105
Tolo Tolo,2020,90
Ask Tesadüfleri Sever 2,2020,124
Schoolgirls,2020,97
The Way We Are,2020,121
Nine Days,2020,124
Lost Bullet,2020,92
Summer of 85,2020,101
Bhoot: Part One - The Haunted Ship,2020,114
Karakomik Filmler: Emanet,2020,60
The Trip to Greece,2020,103
I Hate Summer,2020,110
Double World,2020,110
Ma Rainey's Black Bottom,2020,94
Lootcase,2020,132
Half Brothers,2020,96
The Invisible Man,2020,124
The Forgotten Battle,2020,124
Silver Skates,2020,130
The Call,2020,112
The Midnight Sky,2020,118
The Main Event,2020,101
Ginny Weds Sunny,2020,125
Baba Parasi,2020,116
Dreamkatcher,2020,85
Dara of Jasenovac,2020,130
Unpregnant,2020,103
We Can Be Heroes,2020,100
One Night in Miami...,2020,114
Mank,2020,131
#Alive,2020,98
Christmas on the Square,2020,98
The Life Ahead,2020,94
Minari,2020,115
The Forty-Year-Old Version,2020,123
Shylock,2020,130
Safety,2020,122
The Last Shift,2020,90
The Swarm,2020,101
Hubie Halloween,2020,103
After Love,2020,89
Ponmagal Vandhal,2020,123
The Killing of Two Lovers,2020,85
The Trial of the Chicago 7,2020,129
Held,2020,94
Feel the Beat,2020,109
Anjaam Pathiraa,2020,144
Nobody Knows I'm Here,2020,91
Suraj Pe Mangal Bhari,2020,141
Audrey,2020,100
Airplane Mode,2020,96
Honeydew,2020,106
Spell,2020,91
The Boy Behind the Door,2020,88
Sarileru Neekevvaru,2020,169
Dwitiyo Purush,2020,129
Dear Comrades!,2020,121
Let Them All Talk,2020,113
18 Presents,2020,115
Pixie,2020,93
Taish,2020,143
Bill & Ted Face the Music,2020,91
Khaali Peeli,2020,119
365 Days,2020,114
I Used to Go Here,2020,80
The Sleepover,2020,100
The Binding,2020,93
The Crimes That Bind,2020,99
Bahut Hua Sammaan,2020,125
Love Mocktail,2020,153
Freaky,2020,102
Righteous Villains,2020,75
Klovn the Final,2020,94
Shikara,2020,118
Debt Collectors,2020,97
Ultras,2020,108
Under the Riccione Sun,2020,101
Chick Fight,2020,97
The Heist of the Century,2020,114
Malasaña 32,2020,104
Thappad,2020,142
Shakuntala Devi,2020,127
The Furnace,2020,116
Sky High,2020,121
World Famous Lover,2020,154
Miami Bici,2020,98
The Binge,2020,98
Tove,2020,103
"My Donkey, My Lover & I",2020,96
Class Action Park,2020,90
The Babysitter: Killer Queen,2020,101
The People Upstairs,2020,82
Demon Slayer the Movie: Mugen Train,2020,117
Nocturne,2020,90
Fat Fiction,2020,102
The Stylist,2020,105
Fatal Affair,2020,89
The Christmas Chronicles: Part Two,2020,112
All Hands on Deck,2020,95
Enforcement,2020,108
My Heart Can't Beat Unless You Tell It To,2020,90
Boys State,2020,109
"Love, Guaranteed",2020,90
Indoo Ki Jawani,2020,119
Choke,2020,73
The Paramedic,2020,94
The Wolf of Snow Hollow,2020,85
Oh My Kadavule,2020,151
Out of My League,2020,91
Pieces of a Woman,2020,126
Supernova,2020,95
Paydirt,2020,81
Bheeshma,2020,150
The Princess Switch: Switched Again,2020,96
The Duke,2020,95
Durgamati: The Myth,2020,155
Kappela,2020,113
Doordarshan,2020,119
Dia,2020,137
Nobody Sleeps in the Woods Tonight,2020,102
Books of Blood,2020,107
Psycho Goreman,2020,95
Archenemy,2020,90
Cadaver,2020,86
Nowhere Special,2020,96
The Painter and the Thief,2020,106
Mookuthi Amman,2020,134
Gabriel's Inferno: Part One,2020,124
Shiva Baby,2020,77
Ayyappanum Koshiyum,2020,177
Penguin,2020,132
Uncle Frank,2020,95
Acrylic,2020,78
Luz,2020,118
Some Kind of Heaven,2020,83
The Man Standing Next,2020,114
Mucho Mucho Amor: The Legend of Walter Mercado,2020,96
The Dissident,2020,119
V,2020,140
Memories of My Father,2020,136
Horse Girl,2020,103
Miss Americana,2020,85
A Fall from Grace,2020,120
Coded Bias,2020,86
Dick Johnson Is Dead,2020,89
Feels Good Man,2020,92
Welcome to Chechnya,2020,107
Assassins,2020,104
Into the Deep,2020,90
The Mole Agent,2020,84
The Truffle Hunters,2020,84
Spree,2020,93
Karakomik Filmler: Deli,2020,60
Time,2020,81
The Disciple,2020,129
You Know Him,2020,105
Kartoffelsalat 3 - Das Musical,2020,92
You Cannot Kill David Arquette,2020,91
The Yin-Yang Master: Dream of Eternity,2020,132
Run Hide Fight,2020,109
Gunda,2020,93
The Social Dilemma,2020,94
HIT,2020,125
The Beast,2020,97
Dance of the 41,2020,99
Bayi Toplantisi,2020,114
Varane Avashyamund,2020,145
Lapsis,2020,108
Eltilerin Savasi,2020,118
Kalashnikov,2020,110
Masameer: The Movie,2020,110
Rogue,2020,105
Draupathi,2020,159
She Dies Tomorrow,2020,86
Beastie Boys Story,2020,119
Undine,2020,91
Shithouse,2020,100
Choked,2020,114
AK vs AK,2020,108
Riders of Justice,2020,116
Hard Kill,2020,98
Mother,2020,126
"Crazy, Not Insane",2020,119
Godmothered,2020,110
Uncle Peckerhead,2020,97
The 2nd,2020,93
The Woman Who Ran,2020,77
There Is No Evil,2020,151
Lucky,2020,83
Bamfaad,2020,102
Chal Mera Putt 2,2020,124
Don't Listen,2020,97
Drown,2020,120
Sun Children,2020,99
Time to Hunt,2020,134
Vicious Fun,2020,101
Leyla Everlasting,2020,112
Superdeep,2020,115
Pokémon the Movie: Secrets of the Jungle,2020,99
The Sun of Gnosis,2020,120
The Edge of All We Know,2020,99
David Byrne's American Utopia,2020,105
Athlete A,2020,103
Sputnik,2020,113
Winter,2020,76
Derek DelGaudio's In & Of Itself,2020,90
A Whisker Away,2020,104
Virgin Bhanupriya,2020,111
One-Way to Tomorrow,2020,90
David Attenborough: A Life on Our Planet,2020,83
Made You Look: A True Story About Fake Art,2020,94
Elephant,2020,86
Trump Card,2020,103
Have a Good Trip,2020,85
Anything for Jackson,2020,97
One Night in Bangkok,2020,105
Becoming,2020,89
Rent-A-Pal,2020,108
Intuition,2020,116
Quarantine Girl,2020,61
Sinful,2020,74
Black Box,2020,100
Unfit: The Psychology of Donald Trump,2020,83
Bulbbul,2020,94
Little Big Women,2020,123
The Last Regret,2020,90
Attack on Titan: Chronicle,2020,122
"The Things We Say, the Things We Do",2020,122
Sweat,2020,106
Gagarine,2020,98
The Big Hit,2020,105
Beginning,2020,130
The Claus Family,2020,96
New Order,2020,86
Preparations to Be Together for an Unknown Period of Time,2020,95
Raat Akeli Hai,2020,149
Songbird,2020,84
Black Is King,2020,85
Valley Girl,2020,102
C U Soon,2020,98
Minor Premise,2020,95
Anelka: Misunderstood,2020,94
The Plot Against the President,2020,91
Words Bubble Up Like Soda Pop,2020,87
Meka Suri,2020,86
Host,2020,57
Comedy Couple,2020,117
Deliver Us from Evil,2020,108
Night in Paradise,2020,131
Violation,2020,107
The Old Ways,2020,90
Asalu Em Jarigindhante,2020,110
30 Years and 15 Minutes,2020,95
Freaks: You're One of Us,2020,92
Deathstroke: Knights & Dragons - The Movie,2020,87
"Josee, the Tiger and the Fish",2020,99
Evil Eye,2020,90
My Octopus Teacher,2020,85
London Confidential,2020,77
Atkan Chatkan,2020,126
The Call,2020,97
Tiki Taka,2020,104
American Murder: The Family Next Door,2020,83
A California Christmas,2020,106
Blackpink: Light Up the Sky,2020,79
Totally Under Control,2020,123
The Phenomenon,2020,100
Colour Photo,2020,140
Borat Subsequent Moviefilm,2020,95
Secrets of the Saqqara Tomb,2020,113
The Unhealer,2020,94
Operation Christmas Drop,2020,95
Middle Class Melodies,2020,135
The Mole: Undercover in North Korea,2020,123
Midnight at the Magnolia,2020,87
Just Another Christmas,2020,100
Yakuza and the Family,2020,136
Welcome Home,2020,126
321 Action,2020,100
Stand by Me Doraemon 2,2020,96
Unpaused,2020,113
Folklore: The Long Pond Studio Sessions,2020,105
"Ariana Grande: Excuse Me, I Love You",2020,97
All My Friends Are Dead,2020,96
Beyond the Infinite Two Minutes,2020,70
Demon Slayer: Kimetsu no Yaiba - The Hashira Meeting Arc,2020,106
Demon Slayer: Kimetsu no Yaiba - Mt. Natagumo Arc,2020,138
Bad Boys for Life,2020,124
Desperados,2020,105
The Last Days of American Crime,2020,148
Bloodshot,2020,109
Most Wanted,2020,125
Phineas and Ferb the Movie: Candace Against the Universe,2020,86
Death of Me,2020,94
Honest Thief,2020,99
2067,2020,114
Last Moment of Clarity,2020,90
Interreflections,2020,165
The Broken Hearts Gallery,2020,109
Fatima,2020,113
Love and Monsters,2020,109
My Salinger Year,2020,101
Hunter Hunter,2020,93
Rebecca,2020,123
Wendy,2020,111
The Secret Garden,2020,99
The Croods: A New Age,2020,95
Soul,2020,100
Artemis Fowl,2020,95
Lost Girls,2020,95
Timecrafters: The Treasure of Pirate's Cove,2020,105
Scoob!,2020,93
All Together Now,2020,92
Algorithm: BLISS,2020,101
A Secret Love,2020,81
Nathan's Kingdom,2020,93
A Nice Girl Like You,2020,94
Cut Throat City,2020,123
The Grudge,2020,94
The One and Only Ivan,2020,95
Yaara,2020,130
Ghoomketu,2020,108
Sonic the Hedgehog,2020,99
All the Bright Places,2020,107
Magic Camp,2020,100
All Day and a Night,2020,121
The Midas Touch,2020,110
The Postcard Killings,2020,104
Intersect,2020,119
The Lost Husband,2020,109
Chronicle of a Serial Killer,2020,99
Tar,2020,96
Echo Boomers,2020,94
Cross the Line,2020,92
The Secret: Dare to Dream,2020,107
The War with Grandpa,2020,94
Downhill,2020,86
Mulan,2020,115
Joe Bell,2020,94
The New Mutants,2020,94
The Craft: Legacy,2020,97
The Water Man,2020,91
Bad Hair,2020,102
The SpongeBob Movie: Sponge on the Run,2020,91
A Babysitter's Guide to Monster Hunting,2020,98
Stargirl,2020,107
1 Interrogation,2020,95
Zappa,2020,129
Turnt,2020,85
Love Wedding Repeat,2020,100
Six Minutes to Midnight,2020,99
The Dry,2020,117
Wolfwalkers,2020,103
The Willoughbys,2020,90
Tesla,2020,102
The Comeback Trail,2020,104
Zola,2020,86
Horizon Line,2020,92
Jailbreak Pact,2020,135
Through the Glass Darkly,2020,103
2 Hearts,2020,101
The Bay of Silence,2020,93
Come Away,2020,94
Mortal,2020,104
Disturbing the Peace,2020,91
Meander,2020,90
Belushi,2020,108
The Academy of Magic,2020,86
Underwater,2020,95
Spontaneous,2020,101
Escape from Pretoria,2020,106
Tread,2020,89
Unknown Origins,2020,96
Chemical Hearts,2020,93
The Empty Man,2020,137
Possessor,2020,103
Charlatan,2020,118
Greyhound,2020,91
The Paper Tigers,2020,108
The Woman in the Window,2020,100
Capone,2020,103
The Doorman,2020,97
Getaway,2020,76
The Banker,2020,120
Penguin Bloom,2020,95
Monsters of Man,2020,131
Berlin Alexanderplatz,2020,183
Clouds,2020,121
Monster Hunter,2020,103
Ghosts of War,2020,94
Asphalt Burning,2020,100
Embattled,2020,117
Bad Candy,2020,103
Trolls World Tour,2020,91
Life in a Year,2020,107
Dolittle,2020,101
Moon Rock for Monday,2020,100
Trance,2020,170
Tenet,2020,150
Hillbilly Elegy,2020,116
Timmy Failure: Mistakes Were Made,2020,99
Legacy of Lies,2020,101
Summerland,2020,99
Wild Mountain Thyme,2020,102
Stolen Season,2020,98
News of the World,2020,118
Archive,2020,109
Resistance,2020,120
The Serpent,2020,89
Come True,2020,105
The Swordsman,2020,100
Arthur & Merlin: Knights of Camelot,2020,90
Wonder Woman 1984,2020,151
Useless Humans,2020,77
The Rhythm Section,2020,109
Onward,2020,102
The Silencing,2020,93
Army of One,2020,87
Transference,2020,86
Cosmoball,2020,118
Superintelligence,2020,106
Aiyai: Wrathful Soul,2020,83
Ludo,2020,150
Seized,2020,85
Mark of the Devil,2020,82
English Dogs,2020,85
Money Plane,2020,82
The Eight Hundred,2020,149
Offering to the Storm,2020,139
The Banishing,2020,97
Behind You,2020,86
Khuda Haafiz,2020,133
Falling for Figaro,2020,104
The Devil All the Time,2020,138
Initiation,2020,96
The Glorias,2020,147
The Last Thing He Wanted,2020,115
Over the Moon,2020,95
The Call of the Wild,2020,100
The Turning,2020,94
Like a Boss,2020,83
Project Power,2020,113
The Old Guard,2020,125
Boss Level,2020,100
Parallel Minds,2020,86
Infamous,2020,100
Alone,2020,98
Birds of Prey,2020,109
And Tomorrow the Entire World,2020,111
Jingle Jangle: A Christmas Journey,2020,122
Greenland,2020,119
Die Känguru-Chroniken,2020,92
American Wisper,2020,91
Never Rarely Sometimes Always,2020,101
The Photograph,2020,106
Torbaaz,2020,133
Enola Holmes,2020,123
Critical Thinking,2020,117
Save Yourselves!,2020,93
Sadak 2,2020,133
Dating Amber,2020,92
Caveat,2020,88
Inheritance,2020,111
I'm Thinking of Ending Things,2020,134
The Stand In,2020,101
Black Water: Abyss,2020,98
The Night Clerk,2020,90
Ammonite,2020,117
Come Play,2020,96
Worth,2020,118
Last and First Men,2020,70
Kannum Kannum Kollaiyadithaal,2020,160
Words on Bathroom Walls,2020,110
Don't Tell a Soul,2020,83
Invasion,2020,134
Assassin 33 A.D.,2020,109
Fate/stay night [Heaven's Feel] III. spring song,2020,120
The Night,2020,105
Tanhaji: The Unsung Warrior,2020,135
The Unfamiliar,2020,89
Dil Bechara,2020,101
Go Karts,2020,102
Night of the Kings,2020,93
Kajillionaire,2020,104
The F**k-It List,2020,103
Follow Me,2020,91
John Henry,2020,91
Body Cam,2020,96
Looks That Kill,2020,92
You Should Have Left,2020,93
Greatland,2020,104
5th Borough,2020,95
My Spy,2020,99
The Hunt,2020,90
All My Life,2020,91
Bruised,2020,129
Shooting Heroin,2020,90
Amulet,2020,99
A Quiet Place Part II,2020,97
The Nest,2020,107
Stage Mother,2020,93
Baaghi 3,2020,143
Brothers by Blood,2020,105
The Courier,2020,112
Flashback,2020,97
Inmate Zero,2020,106
Shirley,2020,107
Friendsgiving,2020,95
A Dark Foe,2020,114
The Family Tree,2020,131
The Tax Collector,2020,95
Chintu Ka Birthday,2020,80
City of Salt,2020,115
Black Beauty,2020,110
Hamilton,2020,160
His House,2020,93
Happiest Season,2020,102
Bad Tales,2020,98
The Way Back,2020,108
Eurovision Song Contest: The Story of Fire Saga,2020,123
Rifkin's Festival,2020,88
Adverse,2020,94
Captors,2020,93
Occupation: Rainfall,2020,128
Kiss the Ground,2020,84
Spenser Confidential,2020,111
"Quo Vadis, Aida?",2020,101
Run,2020,90
Disclosure,2020,108
The East,2020,137
Violet Evergarden: The Movie,2020,140
Run Sweetheart Run,2020,104
The Last Blockbuster,2020,86
Proximity,2020,119
Rams,2020,118
The Block Island Sound,2020,99
Chaman Bahaar,2020,111
Sergio,2020,118
Finding You,2020,119
Butchers,2020,92
Ava,2020,96
Attack of the Unknown,2020,103
Fatale,2020,102
Concrete Cowboy,2020,111
The French Dispatch,2020,107
Peninsula,2020,116
The Lovebirds,2020,86
Se upp för Jönssonligan,2020,116
Monday,2020,116
Tigertail,2020,91
Angrezi Medium,2020,145
Crip Camp,2020,106
Extraction,2020,116
Centigrade,2020,89
One Second,2020,104
I Am Vengeance: Retaliation,2020,82
Vampires vs. the Bronx,2020,85
Percy Vs Goliath,2020,99
The Kid Detective,2020,100
Chhalaang,2020,136
Panga,2020,131
Miss Fisher & the Crypt of Tears,2020,101
Father,2020,120
Charm City Kings,2020,125
Murder to Mercy: The Cyntoia Brown Story,2020,96
Dinner in America,2020,106
An American Pickle,2020,88
Relic,2020,89
Simmer,2020,96
Irresistible,2020,101
Gretel & Hansel,2020,87
Fried Barry,2020,99
Psycho,2020,134
Andhaghaaram,2020,171
Breaking Fast,2020,92
Limbo,2020,104
Arkansas,2020,117
Falling,2020,112
Misbehaviour,2020,106
Brahms: The Boy II,2020,86
The Pale Door,2020,96
Minamata,2020,115
The Reckoning,2020,110
Cuties,2020,96
The Toll,2020,80
Fireball: Visitors from Darker Worlds,2020,97
Bigfoot Family,2020,89
Made in Italy,2020,94
Impractical Jokers: The Movie,2020,92
Emma.,2020,124
Mainstream,2020,94
Blood and Money,2020,89
Jawaani Jaaneman,2020,119
The Secrets We Keep,2020,97
Uncorked,2020,104
What Lies Below,2020,87
High Ground,2020,104
Mama Weed,2020,104
Surge,2020,105
The High Note,2020,113
Altered Carbon: Resleeved,2020,74
Fukushima 50,2020,122
Let Him Go,2020,113
The Occupant,2020,103
To All the Boys: P.S. I Still Love You,2020,101
"Te quiero, imbécil",2020,87
Skylines,2020,113
Digger,2020,101
The Best Years,2020,129
Girl,2020,92
The Roads Not Taken,2020,85
Triggered,2020,94
A Perfect Enemy,2020,89
The Big Ugly,2020,106
Love Sarah,2020,97
The Intergalactic Adventures of Max Cloud,2020,88
Palm Springs,2020,90
The Hater,2020,135
Never Gonna Snow Again,2020,116
Ala Vaikunthapurramuloo,2020,163
Hosts,2020,89
A Christmas Gift from Bob,2020,92
Mortal Kombat Legends: Scorpion's Revenge,2020,80
Shock Wave 2,2020,120
Black Bear,2020,104
Nishabdham,2020,120
On the Rocks,2020,96
Chhapaak,2020,120
Adu,2020,119
The Wrong Missy,2020,90
Promising Young Woman,2020,113
Jiu Jitsu,2020,102
Darbar,2020,159
The Adventures of Açela,2020,70
Street Dancer 3D,2020,146
The Scary House,2020,100
The Half of It,2020,104
The King of Staten Island,2020,136
Wander,2020,94
Shadow in the Cloud,2020,83
Vanguard,2020,107
Uncle Tom,2020,106
The Night House,2020,107
Sublet,2020,89
Aline,2020,126
Little Fish,2020,101
The World to Come,2020,105
Persian Lessons,2020,127
Slaxx,2020,77
Kindred,2020,101
Beasts Clawing at Straws,2020,108
Nomadland,2020,107
Bloody Hell,2020,93
Da 5 Bloods,2020,154
I Still Believe,2020,116
The Kissing Booth 2,2020,134
The Vanished,2020,115
Isi & Ossi,2020,113
Rising High,2020,94
The Owners,2020,92
Villain,2020,97
Breach,2020,92
Original Gangster,2020,110
Sylvie's Love,2020,114
Post Mortem,2020,115
The Bee Gees: How Can You Mend a Broken Heart,2020,111
Holidate,2020,104
Malang,2020,135
Dream Horse,2020,113
Mogul Mowgli,2020,89
I Care a Lot,2020,118
Coffee & Kareem,2020,88
Herself,2020,97
The Marriage Escape,2020,103
Coven,2020,92
Mortal Kombat,2021,110
Without Remorse,2021,109
Jungle Cruise,2021,127
Army of the Dead,2021,148
A Journal for Jordan,2021,131
The Little Things,2021,128
Clean,2021,94
The Humans,2021,108
Fear of Rain,2021,109
Bad President,2021,90
Bhuj: The Pride of India,2021,113
Twist,2021,90
The Stairs,2021,92
Bhoot Police,2021,129
The Tragedy of Macbeth,2021,105
False Positive,2021,92
Roohi,2021,134
My Little Pony: A New Generation,2021,90
Thunder Force,2021,106
Thalaivi,2021,153
Cinderella,2021,113
The Changed,2021,78
A Boy Called Christmas,2021,106
My True Fairytale,2021,86
Jolt,2021,91
Beckett,2021,110
Sensation,2021,99
Compartment Number 6,2021,107
Land,2021,89
Sardar Udham,2021,164
The Power of the Dog,2021,126
Shershaah,2021,135
Kadaisi Vivasayi,2021,122
Madame Claude,2021,112
Chehre,2021,139
Brother's Keeper,2021,85
Schumacher,2021,112
The Forever Purge,2021,103
Censor,2021,84
Finding 'Ohana,2021,123
Bliss,2021,103
Best Sellers,2021,102
Black Box,2021,129
The Shipment,2021,93
Spiral,2021,93
Lair,2021,96
The Catholic School,2021,106
My Best Friend Anne Frank,2021,103
The Exorcism of God,2021,98
CODA,2021,111
Eiffel,2021,108
Prayers for the Stolen,2021,110
The Worst Person in the World,2021,128
Detective Chinatown 3,2021,136
Petrov's Flu,2021,145
The War Below,2021,96
I Am Zlatan,2021,100
Serial (Bad) Weddings 3,2021,98
You Are Not My Mother,2021,93
Awake,2021,96
Rushed,2021,101
The Marco Effect,2021,125
Outside the Wire,2021,114
Mumbai Saga,2021,135
Lost Illusions,2021,149
Furioza,2021,139
Paranormal Activity: Next of Kin,2021,98
The Getaway King,2021,100
Nightbooks,2021,103
#Home,2021,158
Bunty Aur Babli 2,2021,138
Master,2021,179
The Girl Who Killed Her Parents,2021,85
Jhimma,2021,130
Chernobyl: Abyss,2021,136
Born a Champion,2021,112
Jagame Thandhiram,2021,158
Halloween Kills,2021,105
To All the Boys: Always and Forever,2021,109
Mandela,2021,140
The Electrical Life of Louis Wain,2021,111
Aftermath,2021,114
The Harder They Fall,2021,139
Stillwater,2021,139
Wolf,2021,99
Sweet Girl,2021,110
Toxikoma,2021,124
Delicious,2021,112
The Feast,2021,93
Satyameva Jayate 2,2021,138
Sherni,2021,131
Love Hard,2021,104
Tadap,2021,126
Night Teeth,2021,107
Gintama: The Final,2021,104
Swan Song,2021,105
The Matrix Resurrections,2021,148
Spider-Man: No Way Home,2021,148
Roberrt,2021,166
Radhe,2021,135
Teddy,2021,136
Bhoomi,2021,128
Rashmi Rocket,2021,129
Mimi,2021,132
Boogie,2021,90
Long Story Short,2021,90
Hideout,2021,114
Malik,2021,162
South Wind 2: Speed Up,2021,127
Here Today,2021,93
Titane,2021,108
Vicky and Her Mystery,2021,84
The Wolf and the Lion,2021,99
Old,2021,108
Things Heard & Seen,2021,121
Netrikann,2021,146
The Boy Who Killed My Parents,2021,87
Sreekaram,2021,122
C'mon C'mon,2021,109
Pig,2021,92
Home Sweet Home Alone,2021,93
Rang De,2021,130
Haseen Dillruba,2021,135
Toofaan,2021,163
Boomika,2021,123
The Map of Tiny Perfect Things,2021,98
Next Door,2021,92
Wrath of Man,2021,119
Spirit Untamed,2021,88
Playground,2021,72
Tribhanga,2021,95
Blue Bayou,2021,117
The Secret of Sinchanee,2021,115
The Addams Family 2,2021,93
Boiling Point,2021,92
The Novice,2021,97
Azor,2021,100
Pagglait,2021,114
Broadcast Signal Intrusion,2021,104
On the Count of Three,2021,86
North Hollywood,2021,93
JFK Revisited: Through the Looking Glass,2021,118
WeWork: Or the Making and Breaking of a $47 Billion Unicorn,2021,104
Seance,2021,92
Red,2021,146
Dear Future Children,2021,89
The Card Counter,2021,111
See for Me,2021,92
Stuck Apart,2021,96
Sardar Ka Grandson,2021,139
House of Gucci,2021,158
We Made a Beautiful Bouquet,2021,124
Pray Away,2021,101
The Unforgivable,2021,112
The Voyeurs,2021,116
One,2021,151
Annaatthe,2021,163
Bellbottom,2021,123
The Seventh Day,2021,87
Licorice Pizza,2021,133
Together Together,2021,90
Don't Look Up,2021,138
Jathi Ratnalu,2021,145
John and the Hole,2021,103
Red Dot,2021,86
Shiddat,2021,146
400 Bullets,2021,89
Doctor,2021,148
People Just Do Nothing: Big in Japan,2021,97
Castle Falls,2021,90
Love Story,2021,155
Tuck Jagadish,2021,145
A Week Away,2021,94
Mass,2021,111
Marvelous and the Black Hole,2021,81
"Summer of Soul (...Or, When the Revolution Could Not Be Televised)",2021,118
Girl Next,2021,102
Cliff Walkers,2021,120
Billie Eilish: The World's a Little Blurry,2021,140
Helmet,2021,104
Sultan,2021,145
Wild Dog,2021,145
No Sudden Move,2021,115
Emergency Declaration,2021,141
Mosagallu,2021,85
8-Bit Christmas,2021,97
Farha,2021,92
Ali & Ava,2021,95
Sarpatta Parambarai,2021,173
Karnan,2021,158
Masking Threshold,2021,90
The Priest,2021,140
The Stay,2021,87
Dune,2021,155
Nayattu,2021,124
Silent Night,2021,92
Chakra,2021,131
Narappa,2021,153
Black Friday,2021,84
Vengeance Is Mine,2021,79
Operation Java,2021,146
Midnight in the Switchgrass,2021,99
The Witcher: Nightmare of the Wolf,2021,83
Xtreme,2021,111
The Mad Women's Ball,2021,122
The Deep House,2021,85
Crazy About Her,2021,102
Sounds Like Love,2021,110
Official Competition,2021,115
Most Eligible Bachelor,2021,170
American Underdog,2021,112
Sentinelle,2021,80
The Beta Test,2021,93
30 Rojullo Preminchadam Ela?,2021,143
Afterlife of the Party,2021,109
Golondaaj,2021,150
Cosmic Sin,2021,88
Birds of Paradise,2021,113
Akhanda,2021,167
Naandhi,2021,146
A Hero,2021,127
The Alpinist,2021,92
Till Death,2021,88
The Grandmother,2021,100
Rurouni Kenshin: Final Chapter Part I - The Final,2021,138
Hum Do Hamare Do,2021,128
PAW Patrol: The Movie,2021,86
The Fallout,2021,96
The Girl Who Got Away,2021,116
Gaia,2021,96
The Laws of the Border,2021,127
Jakob's Wife,2021,98
The Perfect Family,2021,110
Smyrna,2021,141
Red Stone,2021,97
Lift,2021,134
Garuda Gamana Vrishabha Vahana,2021,151
Rurouni Kenshin: Final Chapter Part II - The Beginning,2021,137
Muddy,2021,137
Chess Story,2021,110
Thinkalazhcha Nishchayam,2021,109
Infinitum: Subject Unknown,2021,86
The Yinyang Master,2021,113
The Resort,2021,76
The Bezonians,2021,98
The Scary of Sixty-First,2021,81
Mothering Sunday,2021,104
Amira,2021,98
Overrun,2021,105
Thittam Irandu,2021,120
Last Man Down,2021,87
Two,2021,70
Drishyam 2,2021,152
Zack Snyder's Justice League,2021,242
Hypnotic,2021,88
Clairevoyant,2021,90
Veneciafrenia,2021,100
Attica,2021,116
Doors,2021,84
The Advent Calendar,2021,104
Out of Death,2021,96
Spencer,2021,117
This Little Love of Mine,2021,91
The Phantom of the Open,2021,106
A Father's Fight,2021,92
Parallel Mothers,2021,123
Churuli,2021,120
Karen,2021,89
Malcolm & Marie,2021,106
The Hand of God,2021,130
Kala,2021,130
"Paris, 13th District",2021,105
Old Henry,2021,99
Brother in Love 2,2021,115
The Burning Sea,2021,104
The Kissing Booth 3,2021,112
Belfast,2021,98
Encounter,2021,108
Luca,2021,95
The Last Mercenary,2021,110
Space Sweepers,2021,136
Everything Went Fine,2021,113
Zombie Reddy,2021,130
Trollhunters: Rise of the Titans,2021,104
"Love, Life & Pakodi",2021,114
Chhorii,2021,129
Survive the Game,2021,97
Chandigarh Kare Aashiqui,2021,117
A Classic Horror Story,2021,95
Batman: Soul of the Dragon,2021,83
14 Phere,2021,111
Some Like It Rare,2021,87
Cyrano,2021,123
Resort to Love,2021,101
Nail Bomber: Manhunt,2021,72
Rise of the Footsoldier: Origins,2021,107
Army of Thieves,2021,127
Mother/Android,2021,110
Paper Lives,2021,96
No One Gets Out Alive,2021,87
Locked Down,2021,118
The Good Boss,2021,116
Last Summer,2021,101
Rogue Hostage,2021,93
After We Fell,2021,98
A Castle for Christmas,2021,98
Spoiled Brats,2021,95
I'm Your Man,2021,108
The Lady of Heaven,2021,141
Irul,2021,91
Father Christmas Is Back,2021,105
The Trip,2021,113
Gamanam,2021,114
Enemy,2021,159
Velle,2021,125
The Desperate Hour,2021,84
Nail Polish,2021,128
Love Me Instead,2021,124
Kaanekkaane,2021,120
Plan B,2021,107
Check,2021,140
Petite Maman,2021,73
Joji,2021,113
Swan Song,2021,116
G - Zombie,2021,116
In the Heights,2021,143
My Son,2021,95
Apex,2021,93
Bull,2021,88
Girl in the Basement,2021,88
Full Time,2021,88
Nezha Reborn,2021,118
Colors of Love,2021,85
Nizhal,2021,118
The Great Indian Kitchen,2021,100
Superhost,2021,84
Seobok,2021,114
Have You Ever Seen Fireflies?,2021,113
American Sicario,2021,101
Murder by the Coast,2021,88
The Wasteland,2021,92
Kill Plan,2021,71
Shyam Singha Roy,2021,155
Eeswaran,2021,130
We Need to Do Something,2021,97
"Hi, Mom",2021,128
The Manor,2021,81
Bingo Hell,2021,85
Trigger Point,2021,85
Cold Case,2021,139
Demonic,2021,104
Sunny,2021,93
In the Earth,2021,107
Jan.E.Man,2021,147
Zeros and Ones,2021,87
Time Is Up,2021,108
Jayanti,2021,144
The Medium,2021,130
Red Rocket,2021,130
The Battle at Lake Changjin,2021,176
Zero Fucks Given,2021,115
Gaali Sampath,2021,130
Antim: The Final Truth,2021,138
Suedi,2021,89
No Man of God,2021,100
Dhamaka,2021,103
Meenakshi Sundareshwar,2021,140
My Hero Academia: World Heroes' Mission,2021,101
Kuruthi,2021,122
Dial 100,2021,104
Back to the Outback,2021,95
The Minimalists: Less Is Now,2021,53
The Soul,2021,130
Tom & Jerry,2021,101
Sara's,2021,119
Hive,2021,84
Misha and the Wolves,2021,90
We're All Going to the World's Fair,2021,86
How It Ends,2021,82
"Crack: Cocaine, Corruption & Conspiracy",2021,89
Belle,2021,121
Safer at Home,2021,82
Madhuram,2021,122
Nitram,2021,112
Silence: Can You Hear It,2021,136
A California Christmas: City Lights,2021,106
Grudge,2021,105
Photocopier,2021,130
A Stand Worthy of Men,2021,113
Superwho?,2021,82
Justice Society: World War II,2021,84
Stuck Together,2021,125
Diary of a Wimpy Kid,2021,58
Pelé,2021,108
Squared Love,2021,102
Endangered Species,2021,101
The Sadness,2021,99
A Palace for Putin. The Story of the Biggest Bribe,2021,113
Happening,2021,100
Sabhaapathy,2021,123
Last Survivors,2021,98
Sanak,2021,116
Republic,2021,152
Secret Magic Control Agency,2021,103
Horror in the High Desert,2021,82
Fauci,2021,104
Baggio: The Divine Ponytail,2021,91
Language Lessons,2021,91
Bad Luck Banging or Loony Porn,2021,106
Wheel of Fortune and Fantasy,2021,121
Kid 90,2021,71
Drive My Car,2021,179
Biggie: I Got a Story to Tell,2021,97
Last Train to Christmas,2021,110
Maixabel,2021,115
14 Peaks: Nothing Is Impossible,2021,101
Ajeeb Daastaans,2021,142
Climax,2021,80
Operation Varsity Blues,2021,100
Seaspiracy,2021,89
7 Prisoners,2021,93
One Shot,2021,96
Ferry,2021,106
One Small Story,2021,134
Hello Charlie,2021,102
The Box,2021,94
Nobody Sleeps in the Woods Tonight 2,2021,96
Operation Hyacinth,2021,112
Single All the Way,2021,99
Why Did You Kill Me?,2021,83
"Batman: The Long Halloween, Part One",2021,85
Jujutsu Kaisen 0: The Movie,2021,105
The Year Earth Changed,2021,48
"Batman: The Long Halloween, Part Two",2021,87
Hoodman,2021,98
Homunculus,2021,115
A House on the Bayou,2021,88
State of Siege: Temple Attack,2021,110
Slumber Party Massacre,2021,86
B.A. Pass 3,2021,136
Ascension,2021,97
Roadrunner: A Film About Anthony Bourdain,2021,119
Recalled,2021,99
Breaking Boundaries: The Science of Our Planet,2021,73
"Bob Ross: Happy Accidents, Betrayal & Greed",2021,92
Cinema Bandi,2021,98
Fortress,2021,99
Honsla Rakh,2021,145
Sweet & Sour,2021,101
Together,2021,92
Ride the Eagle,2021,88
Friendzone,2021,88
The Cost of Deception,2021,125
The Princess Switch 3,2021,106
Val,2021,109
Midnight,2021,103
Great Freedom,2021,116
The 8th Night,2021,115
Escape from Mogadishu,2021,121
Hit the Road,2021,93
Vortex,2021,142
Wyrmwood: Apocalypse,2021,88
V/H/S/94,2021,103
15/07: Break of Dawn,2021,95
Mortal Kombat Legends: Battle of the Realms,2021,80
Hellbender,2021,86
Narasimhapuram,2021,115
Methagu,2021,100
White Snake 2: Green Snake,2021,131
Woodstock 99: Peace Love and Rage,2021,110
9/11: Inside the President's War Room,2021,90
Shiny_Flakes: The Teenage Drug Lord,2021,96
Memories of a Murderer: The Nilsen Tapes,2021,84
Untold: Deal with the Devil,2021,77
Untold: Malice at the Palace,2021,68
Mad God,2021,83
Jai Bhim,2021,164
Untold: Breaking Point,2021,68
Untold: Caitlyn Jenner,2021,69
Untold: Crimes and Penalties,2021,85
Sundown,2021,82
Seetharaam Benoy Case Number Eighteen,2021,125
Hell Hath No Fury,2021,94
Juice WRLD: Into the Abyss,2021,115
Dashcam,2021,80
Prey,2021,87
7 Women and a Murder,2021,82
Networker Baire,2021,90
Ratnan Prapancha,2021,147
Rudra Thandavam,2021,168
Annabelle Sethupathi,2021,135
Marcel the Shell with Shoes On,2021,90
Bordertown: The Mural Murders,2021,107
Holes in the Sky: The Sean Miller Story,2021,96
Britney vs Spears,2021,93
Four Hours at the Capitol,2021,92
Yara,2021,96
Dybbuk: The Curse Is Real,2021,112
Ram Asur,2021,132
Cash,2021,118
The Whole Truth,2021,125
Mixtape,2021,93
Mr Lonely,2021,108
Oru Canadian Diary,2021,128
Demon Slayer: Kimetsu no Yaiba - Asakusa Arc,2021,103
Demon Slayer: Kimetsu no Yaiba - Tsuzumi Mansion Arc,2021,87
The Silence of Swastika,2021,56
Die in a Gunfight,2021,92
Operation Mincemeat,2021,128
The Last Letter from Your Lover,2021,110
Cry Macho,2021,104
Chaos Walking,2021,109
Katips,2021,142
Every Breath You Take,2021,105
Flag Day,2021,109
No Time to Die,2021,163
Clifford the Big Red Dog,2021,96
Respect,2021,145
Evangelion: 3.0+1.01 Thrice Upon a Time,2021,154
Encanto,2021,102
Edge of the World,2021,104
Ennio,2021,156
What Josiah Saw,2021,120
The Tender Bar,2021,106
Those Who Wish Me Dead,2021,100
Cruella,2021,134
Reminiscence,2021,116
Finch,2021,115
Black Widow,2021,134
Space Jam: A New Legacy,2021,115
West Side Story,2021,156
Vacation Friends,2021,103
The Dig,2021,112
The Forgiven,2021,117
The Ice Road,2021,109
Barb and Star Go to Vista Del Mar,2021,107
Malignant,2021,111
Dangerous,2021,99
The Spine of Night,2021,93
Trust,2021,94
The Innocents,2021,117
Firebird,2021,107
The Virtuoso,2021,110
The Last Duel,2021,152
Redemption Day,2021,99
SAS: Red Notice,2021,124
Ghostbusters: Afterlife,2021,124
He's All That,2021,88
Fatherhood,2021,109
The Mauritanian,2021,129
The Misfits,2021,94
Risen,2021,109
Maanaadu,2021,147
Being the Ricardos,2021,131
Injustice,2021,78
Godzilla vs. Kong,2021,113
Lansky,2021,119
Raya and the Last Dragon,2021,107
The Starling,2021,102
American Night,2021,123
F9: The Fast Saga,2021,143
Moby Doc,2021,92
Wish Dragon,2021,98
Intrusion,2021,92
Son,2021,98
The Accursed,2021,84
Copshop,2021,107
Vanquish,2021,94
Man of God,2021,111
The Protégé,2021,109
Annette,2021,141
The Demented,2021,96
Don't Breathe 2,2021,98
Free Guy,2021,115
The Suicide Squad,2021,132
Vivo,2021,95
Oxygen,2021,100
Prisoners of the Ghostland,2021,103
Blood Red Sky,2021,121
Moxie,2021,111
Sing 2,2021,110
The Colony,2021,104
Fear Street: Part One - 1994,2021,107
The White Tiger,2021,125
Infinite,2021,106
The Loud House Movie,2021,83
America: The Motion Picture,2021,98
Coming 2 America,2021,110
Benedetta,2021,131
Benediction,2021,137
The God Committee,2021,98
The King's Man,2021,131
Palmer,2021,110
Coming Home in the Dark,2021,93
The Marksman,2021,108
Bergman Island,2021,112
The Dunes,2021,98
Resident Evil: Welcome to Raccoon City,2021,107
More the Merrier,2021,111
The Boss Baby 2: Family Business,2021,107
Skater Girl,2021,107
The Souvenir: Part II,2021,107
The Summit of the Gods,2021,95
Kurup,2021,140
American Traitor: The Trial of Axis Sally,2021,109
The Conjuring: The Devil Made Me Do It,2021,112
Blue Miracle,2021,95
Sandeep Aur Pinky Faraar,2021,125
Venom: Let There Be Carnage,2021,97
The Black Phone,2021,103
The Velvet Underground,2021,121
Minnal Murali,2021,158
Freaks Out,2021,141
Munich: The Edge of War,2021,130
Ron's Gone Wrong,2021,107
'83,2021,162
Music,2021,107
Dynasty Warriors,2021,119
Major Grom: Plague Doctor,2021,136
Come from Away,2021,106
The Devil Below,2021,88
Kate,2021,106
Breaking News in Yuba County,2021,96
Nightmare Alley,2021,150
Antlers,2021,99
Kaadan,2021,153
First Signal,2021,102
Charming the Hearts of Men,2021,107
Nobody,2021,92
Deadly Illusions,2021,114
Silk Road,2021,112
OSS 117: From Africa with Love,2021,117
The Mitchells vs the Machines,2021,114
Red Notice,2021,118
Kotigobba 3,2021,140
The Many Saints of Newark,2021,120
Willy's Wonderland,2021,88
Ted K,2021,120
There's Someone Inside Your House,2021,96
Raging Fire,2021,126
Good on Paper,2021,92
Extinct,2021,84
Vakeel Saab,2021,153
Krack,2021,154
Rumble,2021,95
Queen Bees,2021,100
Marakkar: Lion of the Arabian Sea,2021,181
Gunpowder Milkshake,2021,114
Peter Rabbit 2: The Runaway,2021,93
Hitman's Wife's Bodyguard,2021,100
Memoria,2021,136
Tina,2021,118
Snake Eyes,2021,121
Flee,2021,89
Murina,2021,96
Great White,2021,91
12 Mighty Orphans,2021,118
Hollywood.Con,2021,101
The United States vs. Billie Holiday,2021,126
Flora & Ulysses,2021,95
Yes Day,2021,86
Zone 414,2021,98
Pleasure,2021,109
Bhavai,2021,114
The Sparks Brothers,2021,140
After Yang,2021,96
Everybody's Talking About Jamie,2021,115
The Alpines,2021,93
The Hating Game,2021,102
"tick, tick... BOOM!",2021,120
Toma,2021,140
Mona Lisa and the Blood Moon,2021,106
Payback,2021,91
Tomorrow's Today,2021,83
The Father Who Moves Mountains,2021,108
Passing,2021,98
One and the Same,2021,110
The Girl on the Train,2021,120
Agent Revelation,2021,86
Warning,2021,86
Hungama 2,2021,156
Bob Biswas,2021,131
Sir Alex Ferguson: Never Give In,2021,108
I Am All Girls,2021,107
Eternals,2021,156
Queenpins,2021,110
The Rescue,2021,107
The Lost Daughter,2021,121
Wrong Turn,2021,109
Three Floors,2021,119
The Eyes of Tammy Faye,2021,126
Override,2021,95
Cherry,2021,142
The Bombardment,2021,107
Separation,2021,107
Saina,2021,135
Stowaway,2021,116
Donny's Bar Mitzvah,2021,79
Eakam,2021,125
The Survivor,2021,129
The Green Knight,2021,130
Last Looks,2021,110
Zebra Girl,2021,79
13 Minutes,2021,108
Werewolves Within,2021,97
Margrete: Queen of the North,2021,120
The Power,2021,92
Maara,2021,149
The Man with the Answers,2021,80
Yuvarathnaa,2021,161
Aakashavaani,2021,124
All My Friends Hate Me,2021,93
Candyman,2021,91
The Djinn,2021,82
Dear Evan Hansen,2021,137
Settlers,2021,103
Shang-Chi and the Legend of the Ten Rings,2021,132
Diabolik,2021,133
Pushpa: The Rise - Part 1,2021,179
The Last Bus,2021,86
The Auschwitz Report,2021,94
The Unholy,2021,99
The Guilty,2021,90
Sooryavanshi,2021,145
Kaagaz,2021,109
Body Brokers,2021,111
Pogaru,2021,160
Naked Singularity,2021,93
The Big Bull,2021,153
King Richard,2021,144
Uppena,2021,147
Last Night in Soho,2021,116
Voyagers,2021,108
Last Film Show,2021,110
Bad Trip,2021,86
A Writer's Odyssey,2021,130
Fear Street: Part Two - 1978,2021,109
Fear Street: Part Three - 1666,2021,114
France,2021,133
Wired Shut,2021,95
Crisis,2021,118
The Vault,2021,118
Fauji Calling,2021,134
Atrangi Re,2021,138
The Tomorrow War,2021,138
Judas and the Black Messiah,2021,126
Implanted,2021,96
Small Engine Repair,2021,102
Lamb,2021,106
Not to Forget,2021,84
Kaamelott: First Installment,2021,120
Escape Room: Tournament of Champions,2021,88
Below Zero,2021,106
Happily,2021,96
The Cursed,2021,111
Hellraiser,2022,121
Ash and Bone,2022,97
Laal Singh Chaddha,2022,159
Gangubai Kathiawadi,2022,152
Shut In,2022,89
All Quiet on the Western Front,2022,148
Bones and All,2022,131
Causeway,2022,94
Marry Me,2022,112
Vadh,2022,110
Dakota,2022,96
Last Seen Alive,2022,95
The Greatest Beer Run Ever,2022,126
Lightyear,2022,105
Strange World,2022,102
Amsterdam,2022,134
The Contractor,2022,103
Etharkkum Thunindhavan,2022,151
Armageddon Time,2022,114
Stars at Noon,2022,135
Pada,2022,130
Jayeshbhai Jordaar,2022,121
Piggy,2022,99
Terrifier 2,2022,138
The Amazing Maurice,2022,93
Padavettu,2022,145
Maigret,2022,89
Dhaakad,2022,135
Babylon,2022,189
Dhokha,2022,122
Thor: Love and Thunder,2022,118
Halloween Ends,2022,111
Entergalactic,2022,93
K.G.F: Chapter 2,2022,168
Bachchhan Paandey,2022,147
Ponniyin Selvan: Part I,2022,167
Don,2022,165
Don't Worry Darling,2022,123
Gehraiyaan,2022,148
Shin Ultraman,2022,118
Valimai,2022,178
The Kashmir Files,2022,170
Hawa,2022,131
Nanny,2022,99
Dark Glasses,2022,86
Kira & El Gin,2022,175
Nope,2022,130
Veerame Vaagai Soodum,2022,166
Spirited,2022,127
Virata Parvam,2022,151
Alice,2022,100
Thallumaala,2022,148
Cadaver,2022,123
Perfect Strangers,2022,99
Cirkus,2022,139
Troll,2022,101
Kaduva,2022,155
Clerks III,2022,100
The Northman,2022,137
Vickida No Varghodo,2022,156
Modi Ji Ki Beti,2022,104
Sex Appeal,2022,90
Nocebo,2022,96
Rise,2022,113
Scream,2022,114
Dog,2022,101
Escape the Field,2022,89
Mother's Love,2022,110
Rescued by Ruby,2022,90
Master,2022,98
The Unbearable Weight of Massive Talent,2022,107
Beast,2022,155
Sadha Nannu Nadipe,2022,144
The Requin,2022,89
Redeeming Love,2022,134
Hridayam,2022,172
James,2022,149
Mudhal Nee Mudivum Nee,2022,148
Pawankhind,2022,153
Wedding Season,2022,98
Runway 34,2022,145
Jackass Forever,2022,96
FIR,2022,156
The Legend,2022,161
Choose or Die,2022,84
Resurrection,2022,103
Big Bug,2022,111
Acharya,2022,152
Glass Onion,2022,139
The Man from Toronto,2022,110
"Alice, Darling",2022,89
The House,2022,97
Downton Abbey: A New Era,2022,124
Catherine Called Birdy,2022,108
Maaran,2022,130
Texas Chainsaw Massacre,2022,83
Thiruchitrambalam,2022,131
Ram Setu,2022,140
The Banshees of Inisherin,2022,114
God's Country,2022,102
Lalitham Sundharam,2022,120
Memory,2022,114
Orphan: First Kill,2022,99
Prey,2022,100
Heropanti 2,2022,145
Downfall: The Case Against Boeing,2022,89
The Stranger,2022,117
Hocus Pocus 2,2022,103
18 Pages,2022,135
Alcarràs,2022,120
Badhaai Do,2022,147
Ek Villain Returns,2022,129
Easter Sunday,2022,96
Hey Sinamika,2022,150
Vengeance,2022,107
Corsage,2022,114
Violent Night,2022,112
Watcher,2022,96
Vikrant Rona,2022,148
When You Finish Saving the World,2022,88
Metal Lords,2022,97
Whitney Houston: I Wanna Dance with Somebody,2022,144
Thirteen Lives,2022,147
Those Who Walk Away,2022,94
Breaking,2022,103
Emily,2022,130
The Twin,2022,109
Sonic the Hedgehog 2,2022,122
Sarkaru Vaari Paata,2022,162
Unwelcome,2022,104
Mahaan,2022,163
Brut Force,2022,93
Decision to Leave,2022,139
Mere Desh Ki Dharti,2022,111
Hatching,2022,91
Emancipation,2022,132
Chickenhare and the Hamster of Darkness,2022,91
Mr. Malcolm's List,2022,117
Shark Bait,2022,87
Bergen,2022,145
Moonshot,2022,104
Bullet Train,2022,127
In the Heart of the Machine,2022,115
Honk for Jesus. Save Your Soul.,2022,106
Yaksha: Ruthless Operations,2022,125
Borrego,2022,102
The Chalk Line,2022,106
A Man of Action,2022,111
"Confess, Fletch",2022,98
Glorious,2022,79
The Reef: Stalked,2022,93
Phone Bhoot,2022,136
Diary,2022,133
Red,2022,91
After the Pandemic,2022,84
Deadstream,2022,87
Achcham Madam Naanam Payirppu,2022,80
Raksha Bandhan,2022,108
Sanctioning Evil,2022,110
The Invitation,2022,105
Mr. Harrigan's Phone,2022,104
John Luther,2022,135
Lucy and Desi,2022,103
The Goat and Her Three Kids,2022,83
365 Days: This Day,2022,111
The Noel Diary,2022,99
Khuda Haafiz Chapter 2 Agni Pariksha,2022,144
A Thursday,2022,128
Viking Wolf,2022,97
Broker,2022,129
After Ever Happy,2022,95
The Offering,2022,93
Dragon Knight,2022,98
Godfather,2022,157
Hit: The First Case,2022,132
Vikram Vedha,2022,160
My Policeman,2022,113
Incredible But True,2022,74
Incarnation,2022,88
Beast,2022,93
God's Crooked Lines,2022,154
Umma,2022,83
DJ Tillu,2022,121
Father of the Bride,2022,117
The Outwaters,2022,110
Brian and Charles,2022,90
Kotthu,2022,155
Toscana,2022,90
Blood,2022,108
Khiladi,2022,154
Day Shift,2022,113
Ur spår,2022,108
The Lost City,2022,112
Slumberland,2022,117
Do Revenge,2022,118
Naradan,2022,150
"Good Luck to You, Leo Grande",2022,97
Love Hostel,2022,100
Jana Gana Mana,2022,162
Fresh,2022,114
The Princess,2022,94
The Lost King,2022,108
What's Love Got to Do with It?,2022,108
A Wounded Fawn,2022,91
Son of India,2022,102
Jug Jugg Jeeyo,2022,148
Persuasion,2022,108
Old Man,2022,97
Saani Kaayidham,2022,136
The Lair,2022,96
Aaraattu,2022,167
One Fine Morning,2022,112
The Inspection,2022,95
Ante Sundharaniki,2022,173
Rise,2022,117
Janhit Mein Jaari,2022,146
Both Sides of the Blade,2022,116
Mahaveeryar,2022,140
X,2022,105
The Bubble,2022,126
Wildcat,2022,106
Toolsidas Junior,2022,132
The Ice Age Adventures of Buck Wild,2022,82
The Inhabitant,2022,97
See How They Run,2022,98
Malayankunju,2022,114
F3: Fun and Frustration,2022,148
Emergency,2022,105
Yaanai,2022,154
End of the Road,2022,89
Code Name Emperor,2022,106
Karthikeya 2,2022,150
Women Talking,2022,104
9 Bullets,2022,97
The Immaculate Room,2022,92
The Witch: Part 2 - The Other One,2022,137
Jaadugar,2022,167
Thank God,2022,121
The Takedown,2022,119
Good Luck Jerry,2022,148
Rubikon,2022,110
The Whale,2022,117
Men,2022,100
Naane Varuven,2022,122
Candy Land,2022,93
Against the Ice,2022,102
The Eternal Daughter,2022,96
Maarrich,2022,126
India Lockdown,2022,117
The Bunker Game,2022,95
Black Site,2022,93
Meppadiyan,2022,124
Anek,2022,147
Brazen,2022,94
Salute,2022,145
The Royal Treatment,2022,96
Secret Headquarters,2022,104
Bheeshma Parvam,2022,144
Book of Love,2022,106
Dobaaraa,2022,132
Terror on the Prairie,2022,107
Paappan,2022,169
Blacklight,2022,104
Infinite Storm,2022,97
Sarsenapati Hambirrao,2022,158
Dollu,2022,106
Bhediya,2022,156
Dasvi,2022,125
Ticket to Paradise,2022,104
The Outfit,2022,105
Jeepers Creepers: Reborn,2022,88
Kimi,2022,89
The Pale Blue Eye,2022,128
Beavis and Butt-Head Do the Universe,2022,87
Mindcage,2022,96
Darlings,2022,133
Fistful of Vengeance,2022,96
Agent Game,2022,90
Gasoline Alley,2022,97
Interceptor,2022,99
Bardo: False Chronicle of a Handful of Truths,2022,159
Good Night Oppy,2022,105
Vendhu Thanindhathu Kaadu,2022,177
"Nna, Thaan Case Kodu",2022,138
Declaration,2022,107
Puzhu,2022,122
The Fabelmans,2022,151
Bheemla Nayak,2022,130
Four to Dinner,2022,105
Speak No Evil,2022,97
Last the Night,2022,88
Robbing Mussolini,2022,90
HIT: The 2nd Case,2022,150
Look Both Ways,2022,110
Z-O-M-B-I-E-S 3,2022,88
A Jazzman's Blues,2022,127
Me Time,2022,101
Final Cut,2022,112
The Conference,2022,108
The Good Neighbor,2022,106
My Father's Violin,2022,112
Lady Chatterley's Lover,2022,126
Cha Cha Real Smooth,2022,107
Tara vs Bilal,2022,126
Empire of Light,2022,115
Backpackers,2022,96
A Day to Die,2022,105
Moloch,2022,99
Qala,2022,119
Goodbye,2022,130
Father Stu,2022,124
Tár,2022,158
About Fate,2022,103
The Son,2022,123
Enna Solla Pogirai,2022,146
Through My Window,2022,116
Lost Bullet 2: Back for More,2022,98
Restless,2022,95
Thar,2022,108
Love Tactics,2022,97
Seethayanam,2022,135
They/Them,2022,104
Along for the Ride,2022,106
Sardar,2022,166
The Invisible Thread,2022,109
November,2022,106
Crimes of the Future,2022,107
The Cellar,2022,94
Soft & Quiet,2022,91
Home Team,2022,95
Loving Adults,2022,104
Spin Me Round,2022,104
Dragon Ball Super: Super Hero,2022,100
Rooney,2022,103
The Eight Mountains,2022,147
Enola Holmes 2,2022,129
Sick,2022,83
Uncharted,2022,116
"Lyle, Lyle, Crocodile",2022,106
White Elephant,2022,92
Better Nate Than Ever,2022,94
Poker Face,2022,94
Falling for Christmas,2022,93
Lullaby,2022,104
Godspeed,2022,119
She Said,2022,129
The Munsters,2022,109
Tyler Perry's A Madea Homecoming,2022,105
Not Okay,2022,100
The Weekend Away,2022,89
On the Line,2022,104
The Enforcer,2022,90
Burning Days,2022,129
Blasted,2022,114
Bro Daddy,2022,159
Guillermo del Toro's Pinocchio,2022,117
Dead for a Dollar,2022,107
Something in the Dirt,2022,116
In Good Hands,2022,104
Meet Cute,2022,89
Bimbisara,2022,146
Shattered,2022,92
I Love My Dad,2022,96
12th Man,2022,163
Taanakkaran,2022,141
Oke Oka Jeevitham,2022,160
Carma,2022,169
The Tinder Swindler,2022,114
No Limit,2022,118
Veyi Subhamulu Kalugu Neeku,2022,140
The Beasts,2022,137
Flux Gourmet,2022,111
"Where the Devil Can't Go, He Sends a Woman",2022,106
Royalteen,2022,107
Windfall,2022,92
Lost,2022,124
Blurr,2022,127
Bangarraju,2022,150
I Came By,2022,110
Crush,2022,93
The Quiet Girl,2022,95
O2,2022,140
Forensic,2022,134
"Monica, O My Darling",2022,129
Prison 77,2022,125
My Fake Boyfriend,2022,100
Freddy,2022,124
The Wrath of God,2022,97
The Conversion,2022,134
Behind Someone,2022,103
A Perfect Pairing,2022,101
Fire Island,2022,105
My Name Is Vendetta,2022,90
Plan A Plan B,2022,105
Dahanam,2022,137
Catwoman: Hunted,2022,78
Kaapa,2022,136
Emily the Criminal,2022,97
Mili,2022,127
The Infernal Machine,2022,111
The Curse of Bridge Hollow,2022,89
"Argentina, 1985",2022,140
The Ghost,2022,138
Uunchai,2022,173
Jetty,2022,134
Cobalt Blue,2022,112
Cuttputlli,2022,120
Fall,2022,107
Kantara,2022,148
Viruman,2022,149
Good Mourning,2022,93
Raymond & Ray,2022,105
The Festival of Troubadours,2022,102
20th Century Girl,2022,119
Laththi,2022,143
Significant Other,2022,84
Jalsa,2022,126
Studio 666,2022,106
Saint Omer,2022,122
Corrective Measures,2022,106
Yemaipothaney,2022,123
Teambuilding,2022,91
Saudi Vellakka,2022,137
Gone in the Night,2022,90
Athena,2022,99
Cairo Conspiracy,2022,126
Love in the Villa,2022,114
Dr. 56,2022,105
Smile,2022,115
Nanpakal Nerathu Mayakkam,2022,105
Trust No One: The Hunt for the Crypto King,2022,90
My Son Hunter,2022,95
Drifting Home,2022,119
Drishyam 2,2022,140
Hindutva,2022,144
Love & Gelato,2022,110
The Big Four,2022,141
Mukundan Unni Associates,2022,128
Love and Leashes,2022,117
Bhoothakaalam,2022,105
S5,2022,110
Project Wolf Hunting,2022,122
Prince,2022,143
An Action Hero,2022,130
Double XL,2022,128
Chup,2022,135
Still Time,2022,109
Venus,2022,100
Dhamaka,2022,144
Hot Seat,2022,99
Yashoda,2022,135
Banaras,2022,150
Barbarian,2022,102
I Used to Be Famous,2022,104
Monster,2022,135
Christmas with You,2022,89
Wrong Place,2022,96
The Roundup,2022,106
Disenchanted,2022,119
Sherdil,2022,120
Aparajito,2022,138
Govinda Naam Mera,2022,131
Iravatham,2022,122
Tall Girl 2,2022,97
Tony Hawk: Until the Wheels Fall Off,2022,135
One Piece Film: Red,2022,115
Fire of Love,2022,98
Something from Tiffany's,2022,87
Bluff,2022,115
Avatar: The Way of Water,2022,192
The Estate,2022,96
Bubble,2022,100
All That Breathes,2022,97
All Hail,2022,118
Suzume,2022,122
Nenevaru,2022,122
How I Fell in Love with a Gangster,2022,185
Honor Society,2022,98
The Gray Man,2022,122
Blonde,2022,167
Black,2022,138
Satan's Slaves: Communion,2022,119
The Night of the 12th,2022,115
Battleground Melbourne,2022,101
Navalny,2022,99
Neetho,2022,130
Weird: The Al Yankovic Story,2022,108
Grimcutty,2022,101
Matriarch,2022,85
A Christmas Story Christmas,2022,98
Unhuman,2022,91
Sher Shivraj,2022,143
Stop Watch,2022,86
Top Gun: Maverick,2022,130
The Pirates: The Last Royal Treasure,2022,126
The Prototype,2022,97
Daman,2022,121
Kooman,2022,153
Who Invited Them,2022,81
Rosaline,2022,95
Firestarter,2022,94
The Takeover,2022,87
Love Mocktail 2,2022,140
House of Darkness,2022,88
1921: Puzha Muthal Puzha Vare,2022,190
Daari,2022,111
Titanic 666,2022,91
Holy Spider,2022,118
R.M.N.,2022,125
Return to Space,2022,128
Müjde,2022,48
Silverton Siege,2022,100
Kaun Pravin Tambe?,2022,134
BTS Permission to Dance on Stage - Seoul: Live Viewing,2022,195
The Batman,2022,176
Sick of Myself,2022,95
2000 Mules,2022,89
Pearl,2022,103
Incantation,2022,110
The Mystery of Marilyn Monroe: The Unheard Tapes,2022,101
White Hot: The Rise & Fall of Abercrombie & Fitch,2022,88
Jahaan Chaar Yaar,2022,126
Ranveer vs. Wild with Bear Grylls,2022,70
Sniper. The White Raven,2022,111
Godland,2022,143
Halftime,2022,95
EO,2022,88
Leila's Brothers,2022,165
Our Father,2022,97
The Killer,2022,95
Joyland,2022,126
Hellhole,2022,91
Recep Ivedik 7,2022,133
Aftersun,2022,102
Bairan Palli,2022,91
Babli Bouncer,2022,118
Maja Ma,2022,134
Rorschach,2022,150
Krishna Vrinda Vihari,2022,139
Alienoid,2022,142
Green Lantern: Beware My Power,2022,88
Vesper,2022,114
Dhagad Saamba,2022,132
What Is a Woman?,2022,95
The Greatest Lie Ever Sold: George Floyd and the Rise of BLM,2022,79
Gladbeck: The Hostage Crisis,2022,91
American Carnage,2022,101
Feed,2022,100
Ardh,2022,84
Sita Ramam,2022,163
Ved,2022,148
Konda,2022,121
Scrooge: A Christmas Carol,2022,96
The Last Heist,2022,86
Lover,2022,135
Girl in the Picture,2022,101
R.I.P.D. 2: Rise of the Damned,2022,102
The Next 365 Days,2022,112
Buba,2022,94
Dance with the Jackals 6,2022,116
Carter,2022,132
Palthu Janwar,2022,117
Re/Member,2022,102
Gargi,2022,140
New Year's Eve,2022,142
Maid in Malacañang,2022,114
RECCE 360,2022,108
Gandhada Gudi,2022,99
Achena Uttam,2022,140
Tees Maar Khan,2022,130
Skinamarink,2022,100
Inside the Mind of a Cat,2022,67
All the Beauty and the Bloodshed,2022,122
Gaalodu,2022,125
Running with the Devil: The Wild World of John McAfee,2022,105
That's Amor,2022,96
Untold: The Rise and Fall of AND1,2022,68
The Volcano: Rescue from Whakaari,2022,98
Office Invasion,2022,112
Mortal Kombat Legends: Snow Blind,2022,82
Bujji Ila Raa,2022,120
Am Aha,2022,127
V/H/S/99,2022,109
Prem Geet 3,2022,121
Mirciulica,2022,90
Deep Water,2022,115
Sr.,2022,89
Stutz,2022,96
Selena Gomez: My Mind & Me,2022,95
The Figo Affair: The Transfer that Changed Football,2022,105
The Redeem Team,2022,97
Jogi,2022,116
A Trip to Infinity,2022,79
Identity,2022,129
Old People,2022,101
The Teacher,2022,121
Your Christmas or Mine?,2022,95
Zwigato,2022,105
Paga Paga Paga,2022,129
BTS: Permission to Dance on Stage - LA,2022,130
Capturing the Killer Nurse,2022,94
Jaya Jaya Jaya Jaya Hey,2022,145
Malikappuram,2022,121
Christmas Bloody Christmas,2022,86
Cici,2022,151
4 Years,2022,122
Love Today,2022,154
Har Har Mahadev,2022,161
Alkhallat+,2022,118
Ghislaine Maxwell: Filthy Rich,2022,101
Focus,2022,119
The King's Daughter,2022,98
Play,2022,117
Cheppalani Undhi,2022,142
Ap04ramapuram,2022,144
Borderless,2022,11
I Believe in Santa,2022,89
Mukhachitram,2022,126
Lucky Lakshman,2022,131
This Place Rules,2022,82
Leheraee,2022,137
Pasivadi Pranam,2022,130
The Adam Project,2022,106
Don't Make Me Go,2022,109
The School for Good and Evil,2022,147
Mad Heidi,2022,92
Roald Dahl's Matilda the Musical,2022,117
Chip 'n Dale: Rescue Rangers,2022,97
Elvis,2022,159
All the Old Knives,2022,101
Puss in Boots: The Last Wish,2022,102
Panama,2022,95
The Valet,2022,124
Fantastic Beasts: The Secrets of Dumbledore,2022,142
The Legend of Maula Jatt,2022,153
"Hello, Goodbye and Everything in Between",2022,82
The Good Nurse,2022,121
Paws of Fury: The Legend of Hank,2022,98
Liger,2022,140
Prizefighter: The Life of Jem Belcher,2022,107
Pinocchio,2022,105
Luckiest Girl Alive,2022,113
Purple Hearts,2022,122
Monstrous,2022,88
Till,2022,130
Ambulance,2022,136
Morbius,2022,104
Minions: The Rise of Gru,2022,87
Mrs. Harris Goes to Paris,2022,115
Wendell & Wild,2022,105
Jersey,2022,170
Lou,2022,107
Senior Year,2022,111
Samaritan,2022,102
Lamborghini: The Man Behind the Legend,2022,97
Project 'Gemini',2022,98
Moonfall,2022,130
Gold,2022,97
White Noise,2022,136
Shabaash Mithu,2022,156
Brahmastra Part One: Shiva,2022,167
Black Adam,2022,125
Bhool Bhulaiyaa 2,2022,143
I Want You Back,2022,116
Cheaper by the Dozen,2022,107
Black Crab,2022,114
Everything Everywhere All at Once,2022,139
Marlowe,2022,109
The Ledge,2022,86
Hunt,2022,131
MK Ultra,2022,98
Luck,2022,105
CBI 5,2022,162
Triangle of Sadness,2022,147
Warriors of Future,2022,112
A Man Called Otto,2022,126
Call Jane,2022,121
The Bob's Burgers Movie,2022,102
777 Charlie,2022,164
Paradise Highway,2022,115
Attack,2022,121
No Exit,2022,95
Death on the Nile,2022,127
Devotion,2022,139
Spoiler Alert,2022,112
A Fairy Tale After All,2022,72
My Best Friend's Exorcism,2022,97
In from the Side,2022,134
Apollo 10½: A Space Age Childhood,2022,97
Hustle,2022,117
Jurassic World: Dominion,2022,147
The Woman King,2022,135
Turning Red,2022,100
Bodies Bodies Bodies,2022,94
The Bad Guys,2022,100
To Leslie,2022,119
Dark Cloud,2022,81
Funny Pages,2022,86
RRR,2022,187
You Won't Be Alone,2022,108
Kaathu Vaakula Rendu Kaadhal,2022,157
Jerry and Marge Go Large,2022,96
Breath,2022,106
Fireheart,2022,92
The 355,2022,122
Blackout,2022,81
Shamshera,2022,178
The Swimmers,2022,134
Marmaduke,2022,88
M3GAN,2022,102
Cryo,2022,118
The In Between,2022,115
Medieval,2022,125
Looop Lapeta,2022,131
DC League of Super-Pets,2022,105
Radhe Shyam,2022,138
Jhund,2022,176
Goodnight Mommy,2022,92
Dual,2022,94
Living,2022,102
Doctor G,2022,124
The People We Hate at the Wedding,2022,99
Sharmaji Namkeen,2022,119
Black Panther: Wakanda Forever,2022,161
Vikram,2022,175
Three Thousand Years of Longing,2022,108
Rocketry: The Nambi Effect,2022,157
Prey for the Devil,2022,93
The Sea Beast,2022,115
My Father's Dragon,2022,99
The Wonder,2022,108
Jungle Cry,2022,117
Where the Crawdads Sing,2022,125
Doctor Strange in the Multiverse of Madness,2022,126
Cobra,2022,183
Sissy,2022,102
Samrat Prithviraj,2022,135
Close,2022,104
Accident Man: Hitman's Holiday,2022,96
Shotgun Wedding,2022,101
Rogue Agent,2022,115
Bros,2022,115
Narvik: Hitler's First Defeat,2022,108
The Menu,2022,107
Spiderhead,2022,106
Rise of the Teenage Mutant Ninja Turtles: The Movie,2022,82
Hotel Transylvania 4: Transformania,2022,87
Major,2022,150
Bandit,2022,126
Moonage Daydream,2022,135
Jesus Revolution,2023,120
Shazam! Fury of the Gods,2023,130
Infinity Pool,2023,117
John Wick: Chapter 4,2023,169
Missing,2023,111
Ant-Man and the Wasp: Quantumania,2023,124
Thankam,2023,145
Creed III,2023,116
Asterix & Obelix: The Middle Kingdom,2023,112
Kabzaa,2023,134
Viduthalai Part-1,2023,150
Coffee Wars,2023,104
The Y,2023,110
Pathu Thala,2023,151
Ranga Maarthaanda,2023,153
Varisu,2023,169
65,2023,93
Sharper,2023,116
Tetris,2023,118
Your Place or Mine,2023,109
Pathaan,2023,146
Shehzada,2023,142
Mission Majnu,2023,129
The Ritual Killer,2023,92
Sun and Concrete,2023,119
The Reading,2023,96
The Wandering Earth II,2023,173
Gandhi Godse Ek Yudh,2023,130
Vasantha Mullai,2023,108
A Good Person,2023,128
Cocaine Bear,2023,95
Mrs. Chatterjee vs. Norway,2023,133
Bank of Dave,2023,107
Gunfight at Rio Bravo,2023,80
Nede Vidudala,2023,126
Are You,2023,96
Inside,2023,105
You People,2023,117
Transfusion,2023,106
Thunivu,2023,146
Murder Mystery 2,2023,90
Waltair Veerayya,2023,155
Kuttey,2023,109
Bholaa,2023,144
Michael,2023,152
Somebody I Used to Know,2023,106
Dog Gone,2023,95
Champions,2023,124
Writer Padmabhushan,2023,123
Kranti,2023,163
Veera Simha Reddy,2023,170
Ayisha,2023,153
KSI: In Real Life,2023,93
Vaathi,2023,139
Dasara,2023,156
Kali Jotta,2023,130
Teen Wolf: The Movie,2023,140
Chhatriwali,2023,116
Selfiee,2023,148
Bezos,2023,99
Knock at the Cabin,2023,100
Kanjoos Makhichoos,2023,116
Infiesto,2023,96
Taxi,2023,124
Rye Lane,2023,82
There's Something Wrong with the Children,2023,92
Magic Mike's Last Dance,2023,112
Air,2023,112
The Strays,2023,100
Hidden Blade,2023,128
Kill Boksoon,2023,137
Scream VI,2023,122
80 for Brady,2023,98
Pamela: A Love Story,2023,112
Faraway,2023,109
Gulmohar,2023,132
The Nightingale of Bursa,2023,120
Winnie the Pooh: Blood and Honey,2023,84
"Where the Devil Can't Go, He Sends a Woman 2",2023,122
Romancham,2023,130
Maro Prapancham,2023,109
Maybe I Do,2023,95
Full River Red,2023,159
Dead Line,2023,124
Noise,2023,89
Vinaro Bhagyamu Vishnu Katha,2023,138
Illegal Lives,2023,105
Christopher,2023,150
Call Me Chihiro,2023,131
Sindhooram,2023,136
Hunt,2023,132
Chor Nikal Ke Bhaga,2023,110
Jung_E,2023,98
Legion of Super-Heroes,2023,83
Mummies,2023,88
10 Days of a Good Man,2023,124
Amigos,2023,139
True Spirit,2023,109
Chris Rock: Selective Outrage,2023,69
Jim Jefferies: High n' Dry,2023,68
Thugs of Ramaghada,2023,118
Christy,2023,141
The Hatchet Wielding Hitchhiker,2023,85
Vaalvi,2023,106
Dada,2023,133
Iratta,2023,112
A Journey to Kasi,2023,127
Boston Strangler,2023,112
The Magician's Elephant,2023,99
The Girl Who Escaped: The Kara Robinson Story,2023,88
Breakout,2023,84
Error 500,2023,109
Unlocked,2023,117
Valentines Night,2023,105
Shubh Nikah,2023,125
Saachi,2023,118
J-Hope in the Box,2023,85
Rebels of Thupakula Gudem,2023,143
The Accident,2023,127
Sirimalle Puvva,2023,135
Demon Slayer: Kimetsu No Yaiba - To the Swordsmith Village,2023,110
Cheddy Gang Tamasha,2023,160
All of Those Voices,2023,108
Balagam,2023,131
Money Shot: The Pornhub Story,2023,94
Finding Michael,2023,100
Come Out in Jesus Name,2023,90
Richiegadipelli,2023,114
Dungeons & Dragons: Honor Among Thieves,2023,134
Luther: The Fallen Sun,2023,129
Plane,2023,107
The Super Mario Bros. Movie,2023,92
We Have a Ghost,2023,126
Operation Fortune: Ruse de guerre,2023,114
House Party,2023,100
Gajaman,2023,99
The Old Way,2023,95
Tu Jhoothi Main Makkaar,2023,150
